<?xml version="1.0" encoding="UTF-8"?>
<manifest identifier="MyCourseID"
          version="1.0"
          xmlns="http://www.imsproject.org/xsd/imscp_rootv1p1p2"
          xmlns:adlcp="http://www.adlnet.org/xsd/adlcp_rootv1p2"
          xmlns:xsi="http://www.w3.org/2001/XMLSchema-instance"
          xsi:schemaLocation="http://www.imsproject.org/xsd/imscp_rootv1p1p2 
          imscp_rootv1p1p2.xsd
          http://www.adlnet.org/xsd/adlcp_rootv1p2 
          adlcp_rootv1p2.xsd">

  <metadata>
    <schema>ADL SCORM</schema>
    <schemaversion>1.2</schemaversion>
  </metadata>

  <organizations default="ORG1">
    <organization identifier="ORG1">
      <title>The 12 Jyotirlingas of India</title>
      <item identifier="ITEM1" identifierref="RES1" isvisible="true">
      </item>
    </organization>
  </organizations>

  <resources>
    <resource identifier="RES1"
              type="webcontent"
              adlcp:scormtype="sco"
              href="index.html">
      <file href="index.html"/>
      <file href="scormdriver.js"/>
      <!-- Add more <file href="images/..."/> lines if needed -->
    </resource>
  </resources>
</manifest>
